route,title,description,canonical,robots,h1,word_count,html_bytes,schema_types,click_depth,in_sitemap
/404.html,Seite nicht gefunden | NextCourse,Diese Adresse wurde nicht gefunden. Hier gelangen Sie zu den Leistungen und zum Kontakt.,https://www.next-course.de/404/,"noindex, follow",['Hier geht es auf einem anderen Weg weiter.'],78,11205,['Organization'],,False
/akademie/aevo/,AEVO-Vorbereitungskurs | NextCourse Academy,In Vorbereitung: ein kompakter Kurs für angehende Ausbilderinnen und Ausbilder im Gastgewerbe. Mit Übungen und Bezug zu Ihrem Ausbildungsalltag.,https://www.next-course.de/akademie/aevo/,,['AEVO-Vorbereitungskurs'],341,16423,"['Organization', 'Course']",,True
/akademie/barista/,Barista-Kurs | NextCourse Academy,"Ein Praxistag an der Maschine — für Teams, die Kaffee ernst nehmen, und Gastgeber, die ihn verkaufen.",https://www.next-course.de/akademie/barista/,,['Barista-Kurs'],318,15908,"['Organization', 'Course']",,True
/akademie/flying-academy/,Inhouse-Schulungen fürs Gastgewerbe | NextCourse,"Wir kommen zu Ihnen und arbeiten mit Situationen, die Ihr Team kennt. So wird aus einer Schulung gemeinsames Können für den nächsten Arbeitstag.",https://www.next-course.de/akademie/flying-academy/,,['Ihr Betrieb ist der beste Übungsraum.'],348,15928,['Organization'],2,True
/akademie/foerderung/,Weiterbildung & Förderung | NextCourse Academy,"Förderwege einordnen: Bildungsgutschein, Förderung Beschäftigter und Qualifizierungsgeld. Der Stand bei NextCourse und Ihre nächsten Schritte.",https://www.next-course.de/akademie/foerderung/,,['Weiterkommen. Den passenden Weg finden.'],314,15479,['Organization'],1,True
/akademie/fuehren-mit-ki/,Führen & Kommunizieren mit KI | NextCourse Academy,"Ein Lehrgang zu Führung, Kommunikation und dem verantwortungsvollen Einsatz von KI wird vorbereitet. Mit einem Praxisvorhaben aus dem Gastgewerbe.",https://www.next-course.de/akademie/fuehren-mit-ki/,,['Führen & Kommunizieren mit KI'],346,16616,"['Organization', 'Course']",,True
/akademie/,Academy für Hotels & Gastronomie | NextCourse,"Weiterbildung, die im Betriebsalltag ankommt. Seminare, Webinare und Schulungen im eigenen Haus für Hotels und Gastronomie in Mainfranken.",https://www.next-course.de/akademie/,,"['Weiterbildung, die wirkt.']",462,29370,['Organization'],1,True
/akademie/ki-grundlagen/,KI-Grundlagen für Gastgeber & KMU | NextCourse Academy,KI verstehen und mit Aufgaben aus Ihrem Haus ausprobieren. Ein kompakter Einstieg für Gastgeber und Teams – mit Vorlagen und dokumentierter Teilnahme.,https://www.next-course.de/akademie/ki-grundlagen/,,['KI-Grundlagen für Gastgeber & KMU'],388,16827,"['Organization', 'Course']",2,True
/blog/eu-ai-act-gastgewerbe/,KI-Kompetenz im Gastgewerbe: Ein praktischer Einstieg | NextCourse Journal,KI-Werkzeuge verantwortlich einsetzen: Was ein Team wissen sollte und warum eine passende Schulung bei den Aufgaben Ihres Betriebs beginnt.,https://www.next-course.de/blog/eu-ai-act-gastgewerbe/,,['KI-Kompetenz im Gastgewerbe: Ein praktischer Einstieg'],489,18417,"['Organization', 'Article']",2,True
/blog/fachkraeftemangel-ki-entlastung/,Mehr Luft im Team: Bei wiederkehrender Arbeit anfangen | NextCourse Journal,"Wenn im Betriebsalltag Zeit fehlt, lohnt sich ein Blick auf Übergaben, Rückfragen und doppelte Arbeit. Drei Ansatzpunkte für eine spürbare Entlastung.",https://www.next-course.de/blog/fachkraeftemangel-ki-entlastung/,,['Mehr Luft im Team: Bei wiederkehrender Arbeit anfangen'],498,18238,"['Organization', 'Article']",2,True
/blog/,Wissen für Gastgeber | NextCourse Blog,"Gedanken und praktische Einblicke zu Abläufen, Weiterbildung und digitalen Werkzeugen für Hotels und Gastronomie.",https://www.next-course.de/blog/,,['Gedanken aus der Praxis. Für Ihren nächsten Schritt.'],197,17635,['Organization'],1,True
/blog/ki-telefonassistent-hotel/,Telefonassistenz im Hotel: Wo ein guter Ablauf beginnt | NextCourse Journal,"Wenn das Telefon in der Stoßzeit klingelt, braucht die Rezeption verlässliche Unterstützung. Worauf es bei der Planung eines Telefonassistenten ankommt.",https://www.next-course.de/blog/ki-telefonassistent-hotel/,,['Telefonassistenz im Hotel: Wo ein guter Ablauf beginnt'],508,18383,"['Organization', 'Article']",2,True
/consulting/implementierungsprojekte/,Redirecting to: /management/implementierungsprojekte/,,https://www.next-course.de/management/implementierungsprojekte/,noindex,[],8,482,[],,False
/consulting/,Redirecting to: /management/,,https://www.next-course.de/management/,noindex,[],8,332,[],,False
/consulting/mystery-check/,Redirecting to: /management/mystery-check/,,https://www.next-course.de/management/mystery-check/,noindex,[],8,416,[],,False
/consulting/pilotprojekte/,Redirecting to: /management/implementierungsprojekte/,,https://www.next-course.de/management/implementierungsprojekte/,noindex,[],8,471,[],,False
/consulting/quick-check/,Redirecting to: /management/quick-check/,,https://www.next-course.de/management/quick-check/,noindex,[],8,404,[],,False
/consulting/referenzbetrieb/,Redirecting to: /management/referenzbetrieb/,,https://www.next-course.de/management/referenzbetrieb/,noindex,[],8,428,[],,False
/danke/,Vielen Dank | NextCourse,Vielen Dank für Ihre Nachricht an NextCourse.,https://www.next-course.de/danke/,"noindex, follow",['Danke für Ihr Vertrauen. Wir melden uns bei Ihnen.'],62,10881,['Organization'],,False
/datenschutz/,Datenschutzerklärung | NextCourse,"Datenschutzerklärung der NextCourse UG (haftungsbeschränkt), Würzburg.",https://www.next-course.de/datenschutz/,,['Datenschutzerklärung'],721,16772,['Organization'],1,True
/digital-audit-demo/,Digital Audit: Demo-Auswertung ansehen | NextCourse,"Blättern Sie durch eine vollständige, fiktive Digital-Audit-Auswertung: sechs Arbeitsbereiche, konkrete Befunde, acht Maßnahmen und ein transparentes Zeitmodell.",https://www.next-course.de/digital-audit-demo/,,"['Ein Blick in das, was Sie bekommen.']",431,24050,['Organization'],3,True
/faq/,Häufige Fragen | NextCourse,"Antworten zu Leistungen, Kosten, Weiterbildung und Zusammenarbeit mit NextCourse für Hotels und Gastronomie in Mainfranken.",https://www.next-course.de/faq/,,['Gut zu wissen. Klar beantwortet.'],468,19572,"['Organization', 'FAQPage']",1,True
/impressum/,Impressum | NextCourse,"Impressum der NextCourse UG (haftungsbeschränkt), Würzburg.",https://www.next-course.de/impressum/,,['Impressum'],71,10927,['Organization'],1,True
/,"NextCourse | Management, Academy & Operation fürs Gastgewerbe","Klare Abläufe, starke Teams und Entlastung im Alltag. NextCourse begleitet Hotels und Gastronomie in Mainfranken – mit Management, Academy und Operation.",https://www.next-course.de/,,"['NextCourse – Management, Academy und Operation für das Gastgewerbe in Mainfranken']",348,25495,['Organization'],0,True
/kontakt/,Kontakt | NextCourse,"Sprechen Sie mit Philip Tolle über Ihren Betrieb: Abläufe, Betriebshandbuch, Weiterbildung oder Entlastung im Tagesgeschäft.",https://www.next-course.de/kontakt/,,['Erzählen Sie uns von Ihrem Haus.'],187,17199,['Organization'],1,True
/management/betriebshandbuch/,Digitales Betriebshandbuch für Hotels | NextCourse,"Hausstandards, Arbeitsabläufe und Erfahrung an einem Ort. Wir machen aus Ihrem Betriebswissen ein digitales Handbuch, das Ihrem Team im Alltag Orientierung gibt.",https://www.next-course.de/management/betriebshandbuch/,,['Das Wissen Ihres Hauses. Für alle greifbar.'],459,17890,['Organization'],1,True
/management/digital-audit/,Digital Audit für Hotels & Gastronomie | NextCourse,"Anfragen neu schreiben, Zimmerstatus telefonisch abgleichen, Belege zweimal eingeben. Wir prüfen mit Ihnen, wo digitale Arbeitsmittel und Abläufe besser zusammenspielen können.",https://www.next-course.de/management/digital-audit/,,['Viele Systeme. Weniger doppelte Arbeit.'],468,18289,['Organization'],2,True
/management/implementierungsprojekte/,Umsetzungsprojekte für Hotels & Gastronomie | NextCourse,"Ein Vorhaben mit klarem Ziel, vereinbartem Umfang und Festpreis. Wir begleiten Auswahl, Einrichtung und Einführung, damit die Veränderung im Betriebsalltag ankommt.",https://www.next-course.de/management/implementierungsprojekte/,,['Aus einer guten Idee wird ein guter Ablauf.'],428,17177,['Organization'],2,True
/management/,Management für Hotels & Gastronomie | NextCourse,"Weniger Rückfragen, klare Abläufe und Wissen, das im Haus bleibt. Digitales Betriebshandbuch, Mystery Check und Digital Audit für Hotels und Gastronomie in Mainfranken.",https://www.next-course.de/management/,,"['Ein Betrieb, der auf klaren Abläufen steht.']",497,32628,['Organization'],1,True
/management/mystery-check/,Mystery Check für Hotels & Restaurants | NextCourse,"Vom ersten Suchen bis zum Nachkontakt erleben wir Ihren Betrieb aus Gästesicht. Sie erfahren, was überzeugt, wo Reibung entsteht und welche Veränderungen zuerst sinnvoll sind.",https://www.next-course.de/management/mystery-check/,,['Ihr Haus. Mit den Augen Ihrer Gäste.'],461,18001,['Organization'],2,True
/management/quick-check/,KI-Quick-Check für Ihren Betrieb | NextCourse,"Welche KI-Werkzeuge nutzt Ihr Haus, wer arbeitet damit und welche Fragen sind noch offen? Wir schaffen eine praktische Bestandsaufnahme und ordnen die nächsten Schritte für Ihren Betrieb.",https://www.next-course.de/management/quick-check/,,['KI im Einsatz. Mit mehr Überblick.'],365,16612,['Organization'],3,True
/management/referenzbetrieb/,Zeitpotenziale einschätzen | NextCourse,"Wie viel Zeit können kürzere, häufig wiederkehrende Abläufe freigeben? Rechnen Sie mit Ihren eigenen Annahmen.",https://www.next-course.de/management/referenzbetrieb/,,['Kleine Schritte. Spürbar mehr Zeit.'],250,16888,['Organization'],3,True
/mystery-check-demo/,Mystery Check: Demo-Auswertung ansehen | NextCourse,"Blättern Sie durch eine vollständige, fiktive Mystery-Check-Auswertung: sechs Kontaktpunkte, konkrete Beobachtungen und acht priorisierte Maßnahmen.",https://www.next-course.de/mystery-check-demo/,,"['Ein Blick in das, was Sie bekommen.']",428,23934,['Organization'],3,True
/operation/30-tage-test/,30-Tage-Test: Entlastung kennenlernen | NextCourse,"Lernen Sie die Zusammenarbeit an echten Aufgaben Ihres Hauses kennen. Ein klarer Umfang, feste Ansprechpartner und am Ende ein gemeinsamer Blick auf das Ergebnis.",https://www.next-course.de/operation/30-tage-test/,,['Ein Monat Entlastung. Danach entscheiden Sie.'],391,16386,['Organization'],2,True
/operation/,Operation für Hotels & Gastronomie | NextCourse,"Mehr Zeit für Gäste und Team: NextCourse übernimmt Backoffice, Kommunikation und Projekte. Klar vereinbarter Umfang und Festpreis für Hotels und Gastronomie in Mainfranken.",https://www.next-course.de/operation/,,['Entlastung mit Wert.'],406,28662,['Organization'],1,True
/operation/monatspakete/,Monatspakete für Hotels & Gastronomie | NextCourse,"Karten, Kommunikation und laufende Projekte brauchen Aufmerksamkeit. Mit einem Monatspaket geben Sie einen klaren Aufgabenbereich ab und behalten die Entscheidungen in der Hand.",https://www.next-course.de/operation/monatspakete/,,['Wiederkehrendes erledigt. Monat für Monat.'],612,19950,['Organization'],2,True
/operation/projekte/,Projekte & Events für Gastgeber | NextCourse,"Eine Saisonaktion, eine neue Gästemappe oder ein Fest für Ihr Team: Wir übernehmen Planung, Gestaltung und Koordination im vereinbarten Rahmen. Mit Anfang, Ende und klarer Übergabe.",https://www.next-course.de/operation/projekte/,,['Aus „müssten wir mal“ wird ein fertiges Projekt.'],497,19139,['Organization'],2,True
/ueber/,Philip Tolle & NextCourse | Aus der Branche. An Ihrer Seite.,Philip Tolle verbindet Erfahrung aus Hotellerie und Gastronomie mit Weiterbildung und praktischer Umsetzung. Für Gastgeber in Mainfranken.,https://www.next-course.de/ueber/,,['Aus der Branche. An Ihrer Seite.'],346,18460,['Organization'],1,True
